{"stats":{"minecraft:custom":{"minecraft:time_since_rest":6225,"minecraft:crouch_one_cm":1,"minecraft:play_time":6225,"minecraft:sprint_one_cm":12060,"minecraft:damage_taken":20,"minecraft:walk_one_cm":3524,"minecraft:sneak_time":15,"minecraft:walk_under_water_one_cm":85,"minecraft:drop":2,"minecraft:jump":132,"minecraft:leave_game":1,"minecraft:time_since_death":6225,"minecraft:walk_on_water_one_cm":140,"minecraft:total_world_time":6225,"minecraft:hex":0,"minecraft:swim_one_cm":2240,"minecraft:fall_one_cm":3959,"minecraft:fly_one_cm":56676},"minecraft:dropped":{"minecraft:dirt":1,"minecraft:stone":1},"minecraft:used":{"minecraft:dirt":1,"minecraft:sand":1,"minecraft:stone":2},"minecraft:picked_up":{"minecraft:sand":1,"minecraft:dirt":2},"minecraft:mined":{"minecraft:grass":10,"minecraft:grass_block":3,"ecologics:coconut_leaves":2,"minecraft:sand":1,"promenade:autumn_oak_leaf_pile":1}},"DataVersion":3120}