{
  "ecologics:recipes/ecologics/walnut_boat": {
    "criteria": {
      "in_water": "2024-10-16 21:50:54 +0000"
    },
    "done": true
  },
  "architects_palette:recipes/building_blocks/olivestone_bricks": {
    "criteria": {
      "has_stone": "2024-10-16 21:52:27 +0000"
    },
    "done": true
  },
  "minecraft:recipes/building_blocks/magenta_concrete_powder": {
    "criteria": {
      "has_sand": "2024-10-16 21:48:54 +0000"
    },
    "done": true
  },
  "blockus:recipes/blockus.blockus_building_blocks/weight_storage_cube": {
    "criteria": {
      "has_stone": "2024-10-16 21:52:27 +0000"
    },
    "done": true
  },
  "ecologics:recipes/ecologics/coconut_boat": {
    "criteria": {
      "in_water": "2024-10-16 21:50:54 +0000"
    },
    "done": true
  },
  "minecraft:recipes/building_blocks/stone_bricks": {
    "criteria": {
      "has_stone": "2024-10-16 21:52:27 +0000"
    },
    "done": true
  },
  "blockus:recipes/transportation/white_oak_boat": {
    "criteria": {
      "in_water": "2024-10-16 21:50:54 +0000"
    },
    "done": true
  },
  "minecraft:recipes/building_blocks/stone_bricks_from_stone_stonecutting": {
    "criteria": {
      "has_stone": "2024-10-16 21:52:27 +0000"
    },
    "done": true
  },
  "naturescompass:natures_compass": {
    "criteria": {
      "has_compass": "2024-10-16 21:48:28 +0000"
    },
    "done": true
  },
  "minecraft:recipes/building_blocks/lime_concrete_powder": {
    "criteria": {
      "has_sand": "2024-10-16 21:48:54 +0000"
    },
    "done": true
  },
  "techreborn:recipes/chemical_reactor/nitro_diesel": {
    "criteria": {
      "has_diesel": "2024-10-16 21:48:27 +0000",
      "has_glyceryl": "2024-10-16 21:48:28 +0000"
    },
    "done": true
  },
  "minecraft:recipes/building_blocks/yellow_concrete_powder": {
    "criteria": {
      "has_sand": "2024-10-16 21:48:54 +0000"
    },
    "done": true
  },
  "ae2wtlib:recipes/magnet_card": {
    "criteria": {
      "has_wct": "2024-10-16 21:48:28 +0000"
    },
    "done": true
  },
  "techreborn:recipes/chemical_reactor/nitrocoal_fuel": {
    "criteria": {
      "has_glyceryl": "2024-10-16 21:48:27 +0000"
    },
    "done": true
  },
  "techreborn:recipes/chemical_reactor/water": {
    "criteria": {
      "has_hydrogen": "2024-10-16 21:48:27 +0000",
      "has_compressed_air": "2024-10-16 21:48:27 +0000"
    },
    "done": true
  },
  "techreborn:recipes/fusion_reactor/helium_plasma": {
    "criteria": {
      "has_helium3": "2024-10-16 21:48:28 +0000",
      "has_deuterium": "2024-10-16 21:48:28 +0000"
    },
    "done": true
  },
  "minecraft:recipes/building_blocks/smooth_stone": {
    "criteria": {
      "has_stone": "2024-10-16 21:52:27 +0000"
    },
    "done": true
  },
  "simplyswords:grant_book_on_first_join": {
    "criteria": {
      "tick": "2024-10-16 21:48:29 +0000"
    },
    "done": true
  },
  "toms_storage:unlock_netherite": {
    "criteria": {
      "inv_changed-netherite": "2024-10-16 21:48:27 +0000"
    },
    "done": true
  },
  "techreborn:recipes/fusion_reactor/helium3": {
    "criteria": {
      "has_tritium": "2024-10-16 21:48:28 +0000",
      "has_deuterium": "2024-10-16 21:48:27 +0000"
    },
    "done": true
  },
  "minecraft:recipes/building_blocks/stone_slab_from_stone_stonecutting": {
    "criteria": {
      "has_stone": "2024-10-16 21:52:27 +0000"
    },
    "done": true
  },
  "ecologics:recipes/ecologics/flowering_azalea_boat": {
    "criteria": {
      "in_water": "2024-10-16 21:50:54 +0000"
    },
    "done": true
  },
  "minecraft:recipes/building_blocks/brown_concrete_powder": {
    "criteria": {
      "has_sand": "2024-10-16 21:48:54 +0000"
    },
    "done": true
  },
  "blockus:recipes/transportation/bamboo_boat": {
    "criteria": {
      "in_water": "2024-10-16 21:50:54 +0000"
    },
    "done": true
  },
  "decorative_blocks:recipes/decorative_blocks.general/rocky_dirt": {
    "criteria": {
      "has_dirt": "2024-10-16 21:49:39 +0000"
    },
    "done": true
  },
  "minecraft:recipes/building_blocks/chiseled_stone_bricks_stone_from_stonecutting": {
    "criteria": {
      "has_stone": "2024-10-16 21:52:27 +0000"
    },
    "done": true
  },
  "minecraft:recipes/transportation/mangrove_boat": {
    "criteria": {
      "in_water": "2024-10-16 21:50:54 +0000"
    },
    "done": true
  },
  "vanilla-hammers:hammers/stone_hammer_recipe_reward": {
    "criteria": {
      "vanilla-hammers:stone_hammer": "2024-10-16 21:48:28 +0000"
    },
    "done": true
  },
  "explorerscompass:explorers_compass_cobweb": {
    "criteria": {
      "has_recipe": "2024-10-16 21:48:27 +0000",
      "has_cobweb": "2024-10-16 21:48:28 +0000"
    },
    "done": true
  },
  "blockus:recipes/transportation/charred_boat": {
    "criteria": {
      "in_water": "2024-10-16 21:50:54 +0000"
    },
    "done": true
  },
  "techreborn:recipes/chemical_reactor/nitrofuel": {
    "criteria": {
      "has_oil": "2024-10-16 21:48:27 +0000",
      "has_nitrogen": "2024-10-16 21:48:27 +0000"
    },
    "done": true
  },
  "minecraft:recipes/building_blocks/stone_slab": {
    "criteria": {
      "has_stone": "2024-10-16 21:52:27 +0000"
    },
    "done": true
  },
  "techreborn:recipes/chemical_reactor/nitrogen_dioxide": {
    "criteria": {
      "has_nitrogen": "2024-10-16 21:48:27 +0000"
    },
    "done": true
  },
  "blockus:recipes/blockus.blockus_building_blocks/sturdy_stone": {
    "criteria": {
      "has_stone": "2024-10-16 21:52:27 +0000"
    },
    "done": true
  },
  "minecraft:recipes/building_blocks/stone_brick_slab_from_stone_stonecutting": {
    "criteria": {
      "has_stone": "2024-10-16 21:52:27 +0000"
    },
    "done": true
  },
  "spectrum:progression/unlock_take_off_belt": {
    "criteria": {
      "collected_rabbits_foot": "2024-10-16 21:48:27 +0000"
    },
    "done": false
  },
  "minecraft:recipes/transportation/spruce_boat": {
    "criteria": {
      "in_water": "2024-10-16 21:50:54 +0000"
    },
    "done": true
  },
  "architects_palette:recipes/decorations/stonecutting/stone_nub_stonecutting": {
    "criteria": {
      "has_stone": "2024-10-16 21:52:27 +0000"
    },
    "done": true
  },
  "blockus:recipes/blockus.blockus_building_blocks/stone_brick_pillar_from_stone_stonecutting": {
    "criteria": {
      "has_stone": "2024-10-16 21:52:27 +0000"
    },
    "done": true
  },
  "minecraft:recipes/building_blocks/blue_concrete_powder": {
    "criteria": {
      "has_sand": "2024-10-16 21:48:54 +0000"
    },
    "done": true
  },
  "minecraft:recipes/building_blocks/gray_concrete_powder": {
    "criteria": {
      "has_sand": "2024-10-16 21:48:54 +0000"
    },
    "done": true
  },
  "techreborn:recipes/centrifuge/calcium_carbonate_cell": {
    "criteria": {
      "has_calcium_carbonate": "2024-10-16 21:48:27 +0000"
    },
    "done": true
  },
  "techreborn:recipes/vacuum_freezer/helium": {
    "criteria": {
      "has_heliumplasma": "2024-10-16 21:48:28 +0000"
    },
    "done": true
  },
  "techreborn:recipes/centrifuge/hydrogen_cell": {
    "criteria": {
      "has_hydrogen": "2024-10-16 21:48:27 +0000"
    },
    "done": true
  },
  "techreborn:recipes/centrifuge/helium_cell": {
    "criteria": {
      "has_helium": "2024-10-16 21:48:28 +0000"
    },
    "done": true
  },
  "ae2wtlib:recipes/wireless_pattern_access_terminal": {
    "criteria": {
      "has_wt": "2024-10-16 21:48:27 +0000"
    },
    "done": true
  },
  "ae2wtlib:recipes/wireless_universal_terminal/upgrade_pattern_access": {
    "criteria": {
      "has_wit": "2024-10-16 21:48:27 +0000"
    },
    "done": true
  },
  "techreborn:recipes/fusion_reactor/iridium_ore": {
    "criteria": {
      "has_lithium": "2024-10-16 21:48:27 +0000",
      "has_wolframium": "2024-10-16 21:48:28 +0000"
    },
    "done": true
  },
  "minecraft:recipes/building_blocks/black_concrete_powder": {
    "criteria": {
      "has_sand": "2024-10-16 21:48:54 +0000"
    },
    "done": true
  },
  "ae2wtlib:recipes/wireless_universal_terminal/upgrade_crafting": {
    "criteria": {
      "has_wct": "2024-10-16 21:48:28 +0000"
    },
    "done": true
  },
  "ae2wtlib:recipes/wireless_universal_terminal/ae": {
    "criteria": {
      "has_wit": "2024-10-16 21:48:27 +0000",
      "has_wpt": "2024-10-16 21:48:27 +0000"
    },
    "done": true
  },
  "naturescompass:natures_compass_sapling": {
    "criteria": {
      "has_recipe": "2024-10-16 21:48:28 +0000"
    },
    "done": true
  },
  "blockus:recipes/blockus.blockus_building_blocks/sandy_bricks": {
    "criteria": {
      "has_sand": "2024-10-16 21:48:54 +0000"
    },
    "done": true
  },
  "naturalist:recipes/food/cooked_egg": {
    "criteria": {
      "has_eggs": "2024-10-16 21:48:27 +0000"
    },
    "done": true
  },
  "minecraft:recipes/redstone/stone_button": {
    "criteria": {
      "has_stone": "2024-10-16 21:52:27 +0000"
    },
    "done": true
  },
  "techreborn:recipes/compressor/compressed_plantball_from_melon_slices": {
    "criteria": {
      "has_melon_slice": "2024-10-16 21:48:27 +0000"
    },
    "done": true
  },
  "blockus:recipes/blockus.blockus_building_blocks/stone_tile_stairs_from_stone_stonecutting": {
    "criteria": {
      "has_stone": "2024-10-16 21:52:27 +0000"
    },
    "done": true
  },
  "minecraft:recipes/building_blocks/light_gray_concrete_powder": {
    "criteria": {
      "has_sand": "2024-10-16 21:48:54 +0000"
    },
    "done": true
  },
  "minecraft:recipes/building_blocks/light_blue_concrete_powder": {
    "criteria": {
      "has_sand": "2024-10-16 21:48:54 +0000"
    },
    "done": true
  },
  "ecologics:recipes/ecologics/azalea_boat": {
    "criteria": {
      "in_water": "2024-10-16 21:50:54 +0000"
    },
    "done": true
  },
  "architects_palette:recipes/building_blocks/heavy_stone_bricks_from_stone_stonecutting": {
    "criteria": {
      "has_stone": "2024-10-16 21:52:27 +0000"
    },
    "done": true
  },
  "ae2wtlib:recipes/quantum_bridge_card": {
    "criteria": {
      "has_wit": "2024-10-16 21:48:28 +0000",
      "has_wpt": "2024-10-16 21:48:28 +0000",
      "has_wct": "2024-10-16 21:48:28 +0000"
    },
    "done": true
  },
  "techreborn:recipes/distillation_tower/diesel": {
    "criteria": {
      "has_oil": "2024-10-16 21:48:27 +0000"
    },
    "done": true
  },
  "minecraft:recipes/building_blocks/glass": {
    "criteria": {
      "has_sand": "2024-10-16 21:48:54 +0000"
    },
    "done": true
  },
  "minecraft:recipes/building_blocks/pink_concrete_powder": {
    "criteria": {
      "has_sand": "2024-10-16 21:48:54 +0000"
    },
    "done": true
  },
  "techreborn:recipes/blast_furnace/titanium_ingot": {
    "criteria": {
      "has_titanium_dust": "2024-10-16 21:48:27 +0000"
    },
    "done": true
  },
  "minecraft:recipes/building_blocks/red_concrete_powder": {
    "criteria": {
      "has_sand": "2024-10-16 21:48:54 +0000"
    },
    "done": true
  },
  "betterdungeons:root": {
    "criteria": {
      "always": "2024-10-16 21:48:29 +0000"
    },
    "done": true
  },
  "rpg_classes:root": {
    "criteria": {
      "always": "2024-10-16 21:48:29 +0000"
    },
    "done": true
  },
  "minecraft:recipes/building_blocks/purple_concrete_powder": {
    "criteria": {
      "has_sand": "2024-10-16 21:48:54 +0000"
    },
    "done": true
  },
  "explorerscompass:explorers_compass_cracked_stone_bricks": {
    "criteria": {
      "has_recipe": "2024-10-16 21:48:27 +0000",
      "has_cracked_stone_bricks": "2024-10-16 21:48:28 +0000"
    },
    "done": true
  },
  "minecraft:recipes/building_blocks/stone_stairs_from_stone_stonecutting": {
    "criteria": {
      "has_stone": "2024-10-16 21:52:27 +0000"
    },
    "done": true
  },
  "lootr:root": {
    "criteria": {
      "always_true": "2024-10-16 21:48:29 +0000"
    },
    "done": true
  },
  "techreborn:recipes/centrifuge/dirt": {
    "criteria": {
      "has_dirt": "2024-10-16 21:49:39 +0000"
    },
    "done": true
  },
  "techreborn:recipes/chemical_reactor/calcium_carbonate": {
    "criteria": {
      "has_carbon": "2024-10-16 21:48:27 +0000",
      "has_calcium": "2024-10-16 21:48:27 +0000"
    },
    "done": true
  },
  "ae2wtlib:recipes/wireless_universal_terminal/upgrade_pattern_encoding": {
    "criteria": {
      "has_wpt": "2024-10-16 21:48:28 +0000"
    },
    "done": true
  },
  "blockus:recipes/blockus.blockus_redstone/stone_door": {
    "criteria": {
      "has_stone": "2024-10-16 21:52:27 +0000"
    },
    "done": true
  },
  "byg:root": {
    "criteria": {
      "tick": "2024-10-16 21:48:29 +0000"
    },
    "done": true
  },
  "toms_storage:unlock_glowstone": {
    "criteria": {
      "inv_changed-glowstone": "2024-10-16 21:48:28 +0000"
    },
    "done": true
  },
  "techreborn:recipes/centrifuge/sulfur_cell": {
    "criteria": {
      "has_sulfur": "2024-10-16 21:48:28 +0000"
    },
    "done": true
  },
  "minecraft:recipes/decorations/stonecutter": {
    "criteria": {
      "has_stone": "2024-10-16 21:52:27 +0000"
    },
    "done": true
  },
  "techreborn:recipes/chemical_reactor/methane": {
    "criteria": {
      "has_hydrogen": "2024-10-16 21:48:28 +0000",
      "has_carbon": "2024-10-16 21:48:27 +0000"
    },
    "done": true
  },
  "morevillagers:root": {
    "criteria": {
      "always": "2024-10-16 21:48:29 +0000"
    },
    "done": true
  },
  "minecraft:adventure/adventuring_time": {
    "criteria": {
      "minecraft:beach": "2024-10-16 21:48:32 +0000",
      "minecraft:river": "2024-10-16 21:50:32 +0000",
      "minecraft:forest": "2024-10-16 21:52:15 +0000",
      "minecraft:meadow": "2024-10-16 21:52:21 +0000",
      "minecraft:plains": "2024-10-16 21:51:39 +0000"
    },
    "done": false
  },
  "minecraft:recipes/building_blocks/sandstone": {
    "criteria": {
      "has_sand": "2024-10-16 21:48:54 +0000"
    },
    "done": true
  },
  "ae2wtlib:recipes/wireless_universal_terminal/ce": {
    "criteria": {
      "has_wpt": "2024-10-16 21:48:27 +0000",
      "has_wct": "2024-10-16 21:48:28 +0000"
    },
    "done": true
  },
  "minecraft:recipes/transportation/birch_boat": {
    "criteria": {
      "in_water": "2024-10-16 21:50:54 +0000"
    },
    "done": true
  },
  "toms_storage:unlock_dia_pearl": {
    "criteria": {
      "inv_changed-ender_pearl": "2024-10-16 21:48:28 +0000",
      "inv_changed-diamond": "2024-10-16 21:48:28 +0000"
    },
    "done": true
  },
  "techreborn:recipes/centrifuge/deuterium_cell": {
    "criteria": {
      "has_deuterium": "2024-10-16 21:48:28 +0000"
    },
    "done": true
  },
  "minecraft:recipes/building_blocks/green_concrete_powder": {
    "criteria": {
      "has_sand": "2024-10-16 21:48:54 +0000"
    },
    "done": true
  },
  "minecraft:recipes/transportation/acacia_boat": {
    "criteria": {
      "in_water": "2024-10-16 21:50:54 +0000"
    },
    "done": true
  },
  "blockus:recipes/blockus.blockus_building_blocks/stone_tiles_from_stone_stonecutting": {
    "criteria": {
      "has_stone": "2024-10-16 21:52:27 +0000"
    },
    "done": true
  },
  "blockus:recipes/blockus.blockus_building_blocks/bluestone": {
    "criteria": {
      "has_stone": "2024-10-16 21:52:27 +0000"
    },
    "done": true
  },
  "techreborn:recipes/chemical_reactor/glyceryl": {
    "criteria": {
      "has_nitro_carbon": "2024-10-16 21:48:27 +0000"
    },
    "done": true
  },
  "blockus:recipes/blockus.blockus_building_blocks/stone_circular_paving_from_stone_stonecutting": {
    "criteria": {
      "has_stone": "2024-10-16 21:52:27 +0000"
    },
    "done": true
  },
  "minecraft:recipes/redstone/stone_pressure_plate": {
    "criteria": {
      "has_stone": "2024-10-16 21:52:27 +0000"
    },
    "done": true
  },
  "ae2wtlib:recipes/wireless_universal_terminal/ca": {
    "criteria": {
      "has_wit": "2024-10-16 21:48:27 +0000",
      "has_wct": "2024-10-16 21:48:28 +0000"
    },
    "done": true
  },
  "blockus:recipes/blockus.blockus_building_blocks/stone_tile_slab_from_stone_stonecutting": {
    "criteria": {
      "has_stone": "2024-10-16 21:52:27 +0000"
    },
    "done": true
  },
  "explorerscompass:explorers_compass": {
    "criteria": {
      "has_compass": "2024-10-16 21:48:27 +0000"
    },
    "done": true
  },
  "minecraft:recipes/transportation/jungle_boat": {
    "criteria": {
      "in_water": "2024-10-16 21:50:54 +0000"
    },
    "done": true
  },
  "minecraft:recipes/decorations/stone_brick_walls_from_stone_stonecutting": {
    "criteria": {
      "has_stone": "2024-10-16 21:52:27 +0000"
    },
    "done": true
  },
  "minecraft:recipes/building_blocks/white_concrete_powder": {
    "criteria": {
      "has_sand": "2024-10-16 21:48:54 +0000"
    },
    "done": true
  },
  "decorative_blocks:recipes/decorative_blocks.general/stone_pillar": {
    "criteria": {
      "has_stone": "2024-10-16 21:52:27 +0000"
    },
    "done": true
  },
  "farmersdelight:main/root": {
    "criteria": {
      "seeds": "2024-10-16 21:48:28 +0000"
    },
    "done": true
  },
  "minecraft:recipes/building_blocks/stone_brick_stairs_from_stone_stonecutting": {
    "criteria": {
      "has_stone": "2024-10-16 21:52:27 +0000"
    },
    "done": true
  },
  "minecraft:recipes/transportation/dark_oak_boat": {
    "criteria": {
      "in_water": "2024-10-16 21:50:54 +0000"
    },
    "done": true
  },
  "techreborn:recipes/centrifuge/lava_cell": {
    "criteria": {
      "has_lava": "2024-10-16 21:48:27 +0000"
    },
    "done": true
  },
  "architects_palette:recipes/building_blocks/heavy_stone_bricks": {
    "criteria": {
      "has_stone": "2024-10-16 21:52:27 +0000"
    },
    "done": true
  },
  "architects_palette:main/root": {
    "criteria": {
      "craftingtable": "2024-10-16 21:48:27 +0000"
    },
    "done": true
  },
  "spectrum:progression/unlock_totem_pendant": {
    "criteria": {
      "collected_totem_of_undying": "2024-10-16 21:48:27 +0000"
    },
    "done": false
  },
  "techreborn:recipes/chemical_reactor/sulfuric_acid": {
    "criteria": {
      "has_sulfur": "2024-10-16 21:48:27 +0000"
    },
    "done": true
  },
  "techreborn:recipes/fusion_reactor/platinum_dust": {
    "criteria": {
      "has_beryllium": "2024-10-16 21:48:28 +0000",
      "has_wolframium": "2024-10-16 21:48:27 +0000"
    },
    "done": true
  },
  "dungeons_arise:wda_root": {
    "criteria": {
      "WDA": "2024-10-16 21:48:29 +0000"
    },
    "done": true
  },
  "blockus:recipes/blockus.blockus_building_blocks/sturdy_stone_alt": {
    "criteria": {
      "has_stone": "2024-10-16 21:52:27 +0000"
    },
    "done": true
  },
  "blockus:recipes/blockus.blockus_decorations/stone_tile_wall_from_stone_stonecutting": {
    "criteria": {
      "has_stone": "2024-10-16 21:52:27 +0000"
    },
    "done": true
  },
  "techreborn:recipes/industrial_electrolyzer/sand": {
    "criteria": {
      "has_sand": "2024-10-16 21:48:54 +0000"
    },
    "done": true
  },
  "minecraft:recipes/building_blocks/stone_stairs": {
    "criteria": {
      "has_stone": "2024-10-16 21:52:27 +0000"
    },
    "done": true
  },
  "techreborn:recipes/chemical_reactor/sodium_persulfate": {
    "criteria": {
      "has_sodium_sulfide": "2024-10-16 21:48:28 +0000"
    },
    "done": true
  },
  "techreborn:recipes/blast_furnace/silicon_plate": {
    "criteria": {
      "has_silicon": "2024-10-16 21:48:27 +0000"
    },
    "done": true
  },
  "techreborn:recipes/grinder/gravel": {
    "criteria": {
      "has_gravel_material": "2024-10-16 21:52:27 +0000"
    },
    "done": true
  },
  "techreborn:recipes/chemical_reactor/nitro_carbon": {
    "criteria": {
      "has_nitrogen": "2024-10-16 21:48:27 +0000"
    },
    "done": true
  },
  "toolleveling:recipes/tool_leveling_table": {
    "criteria": {
      "has_enchanting_table": "2024-10-16 21:48:28 +0000"
    },
    "done": true
  },
  "toms_storage:unlock_chest": {
    "criteria": {
      "inv_changed-chest": "2024-10-16 21:48:27 +0000"
    },
    "done": true
  },
  "create:root": {
    "criteria": {
      "0": "2024-10-16 21:48:28 +0000"
    },
    "done": true
  },
  "betterdeserttemples:root": {
    "criteria": {
      "always": "2024-10-16 21:48:29 +0000"
    },
    "done": true
  },
  "techreborn:recipes/compressor/compressed_plantball_from_plantball": {
    "criteria": {
      "has_plantball": "2024-10-16 21:48:28 +0000"
    },
    "done": true
  },
  "naturescompass:natures_compass_log": {
    "criteria": {
      "has_recipe": "2024-10-16 21:48:28 +0000"
    },
    "done": true
  },
  "blockus:recipes/blockus.blockus_building_blocks/herringbone_stone_bricks_from_stone_stonecutting": {
    "criteria": {
      "has_stone": "2024-10-16 21:52:27 +0000"
    },
    "done": true
  },
  "blockus:recipes/white_oak_leaf_pile": {
    "criteria": {
      "has_white_oak_leaves": "2024-10-16 21:48:27 +0000"
    },
    "done": true
  },
  "minecraft:recipes/transportation/oak_boat": {
    "criteria": {
      "in_water": "2024-10-16 21:50:54 +0000"
    },
    "done": true
  },
  "techreborn:recipes/chemical_reactor/sodium_sulfide": {
    "criteria": {
      "has_sulfur": "2024-10-16 21:48:27 +0000",
      "has_sodium": "2024-10-16 21:48:27 +0000"
    },
    "done": true
  },
  "ae2wtlib:recipes/wireless_pattern_encoding_terminal": {
    "criteria": {
      "has_wt": "2024-10-16 21:48:28 +0000"
    },
    "done": true
  },
  "minecraft:recipes/building_blocks/orange_concrete_powder": {
    "criteria": {
      "has_sand": "2024-10-16 21:48:54 +0000"
    },
    "done": true
  },
  "modern_industrialization:guidebook": {
    "criteria": {
      "checkInv": "2024-10-16 21:48:28 +0000"
    },
    "done": true
  },
  "minecraft:recipes/building_blocks/cyan_concrete_powder": {
    "criteria": {
      "has_sand": "2024-10-16 21:48:54 +0000"
    },
    "done": true
  },
  "DataVersion": 3120
}